schema	pid-rs-formal-rendering-receipt-v2
pdf_sha256	f372256011d1173a020d39b86cba5ab7959fb07cea09cf1a2b7eeb292a83cafe
pages	51
dpi	120
mode	page	width	height	bytes	sha256	min_luma	max_luma	dark_pixels	chromatic_pixels
color	1	993	1404	234148	1a9eee5beec9d5bb6ea8ea339e7929c4a1c9905233a7cf94e6e671f05c050eda	57	255	110760	1389733
color	2	993	1404	263689	df09439889504e62fa0c1aa3dcdd2ed3cd98f1d6d5525023206171c0ba80aa36	57	255	81745	1390583
color	3	993	1404	241536	49252f7d7a7f5624bc55159119433192dd36e4a3d39e698669c996e06ab287d1	57	255	126260	1389559
color	4	993	1404	297610	e25a6d7100674801f840aa0f815f91021503221f6fd921486bf5700f40b3d1d6	57	255	126470	1389028
color	5	993	1404	307008	15fae21cbb080cc9ed871573b06226adafe92e2228d60902c9a4ff4d629f3d74	58	255	110020	1388362
color	6	993	1404	283947	cc0f6c360eb18c9395359e5f72a96ab0970777e80cd1929385497cc2bfb18a3c	58	255	103109	1388723
color	7	993	1404	253395	5d41c30d06e97eef59941621f816db49144b3a1dd8248cd6a68180ccfc67bec1	57	255	103381	1333017
color	8	993	1404	291278	5b41b4d61e350853d703a4d763abfd7c4f1f8ae1e48f17089c0c5470926f91e2	58	255	127689	1317850
color	9	993	1404	236848	dacc3b7d79fb757712609a5612bb785d0a717ffc62da3f1842d2f4efab7acba6	57	255	102699	1389778
color	10	993	1404	276692	d0bd6681beb5ccd6c53ba92d35f42b048f40d8e504bc193d118c4bc05133986c	57	255	126206	1389346
color	11	993	1404	358718	6b479de9cd42f157706c0b616b993d900a0e38f60a750d815ed19fb1b4d57eac	57	255	127262	1387945
color	12	993	1404	458856	0ffa585420ac0be7ae628ff53cbaa245faf43fedc622b65fecea44d572a90176	58	255	159191	1386506
color	13	993	1404	379114	07fd583b5c1314869c360d95f622c7cdf20a92b9bcc53a49a8605158e57e4574	58	255	132097	1387948
color	14	993	1404	313831	eeb82a0d5521d2255269293cda971732d2c2b0fc9e6860975f4a30f70b241764	57	255	128316	1194337
color	15	993	1404	215952	6261b2bfd7f5d6c890d3154aeb8df8f814f7d50c971c3419716ec6a88682557b	57	255	74375	1389964
color	16	993	1404	340945	07d757b535a92bab88c4342f959feb194f262c116b2e54b520f2b349fd16b76b	57	255	115645	1388413
color	17	993	1404	379788	ba1e21613dbe8471dc582ab9299bd4f0dc438ac37efb2c5e00a303ba7aba12c8	57	255	132939	1387566
color	18	993	1404	340380	24d3c9b76fc55cb22e088ed3c4cb95ec4669e311080a112abeed1798fe2dcd44	58	255	118726	1388016
color	19	993	1404	307927	272007b3d5aec729842f5c61fbeb4fede5369fdd3e4f89cfe00caa8de8e4bf9a	57	255	107306	1388893
color	20	993	1404	393654	45f3e5777c3faec960d39b1e90857b842a9f4b412afbddc8802ad76e2a79aa8d	58	255	157941	1123737
color	21	993	1404	337144	48cfd7702c2619fa5236ac75ec3286bb9c966465977d5988df7b54fc855a7dd7	58	255	129824	1246806
color	22	993	1404	308726	32916d3e6c8671c99eb510bd1f5b433603eb248f55639bf3db2cedb217b5b442	57	255	126777	1288641
color	23	993	1404	295948	ea0688a2c65b63aae9ddbeaf65ef5100169160f83e4b2ae56585de1480049284	57	255	121062	1297862
color	24	993	1404	311716	d9026417771a05980418eff3919bcae4207de1a797dd37bca89a3bf2601b6bc1	57	255	112042	1388502
color	25	993	1404	338245	a8f11104990b5645cd7125467b649ca55ff4d6c1a2d39ecdec146d49db15590e	57	255	133422	1272951
color	26	993	1404	312734	d1db2886d3d65fdf8ca6ff9569a4bdce9b6e4ddef423dae7a64a131179c29e0a	57	255	109127	1388589
color	27	993	1404	361366	0c5bd24cb8c11c183accea1010754cc0d98c108b6fe91d8dae121e2b124b219d	57	255	123324	1388154
color	28	993	1404	309173	8dc7335382c679a92832417f03ac8e92c2a92ee8d08f8806d49fc8cebc14443f	57	255	110756	1388471
color	29	993	1404	338254	d263731dfea14518d4d6a5e271a412eef9389ae68b80528f9edf177b61b56da4	57	255	120804	1388229
color	30	993	1404	191803	fb1fb951a40adb11bee351256464c62368a6a7aff0d16fa69a21d48f4176c647	57	255	65830	1390266
color	31	993	1404	230330	af6d5e7ca65c908a12aab38fb2fd7bc0d62271707a9816722b6f1b538c5e4f67	57	255	115453	1336648
color	32	993	1404	294380	f7bb07a2695f0ec7768b5f5e9770ccb5a6f9272e6bb4bfd71adbcba32a570663	58	255	110185	1039877
color	33	993	1404	256554	30764d4557a6e12a2b9b6c178698b2e5afa47135ea03ee85bca3472f31859b97	57	255	89987	1389312
color	34	993	1404	231187	d3d0d8eabf438ddc2bee821c6e239302cb152608732597c8c49fdb35c92e5812	57	255	98254	1310154
color	35	993	1404	279701	da9b3b42eb6d8233aee784c09f80fb8f7aa201647ac792c85f0f553b1ebe9010	57	255	119195	1313904
color	36	993	1404	275244	473d14de2273eabe37704d78d1fe06554d8d46d2fd3a344ee5a7067e60629998	57	255	127352	1170751
color	37	993	1404	368021	87b70d05a628dcde3ee6b4ee040be1236a6e3d05a1510c9912e664bcde01f57c	58	255	141617	1177556
color	38	993	1404	428727	12da7f8130f6b1674356b50531aaece95b23e2fa55e5c91362b758115c479062	58	255	151085	1387053
color	39	993	1404	357610	d76b0fb99a225ae6a763b0e98eee16e84d9f5a540faf2a5cc2a73703d1feed09	58	255	125634	1388321
color	40	993	1404	390699	e48252d2fca06a2e01231a79d21061512969741b212d89f86a018298113fe7d7	58	255	138013	1388033
color	41	993	1404	314272	d4fc96a15095a53b823f6c3d68705c8d761ab88166bbcf856ee007de3765d9ff	57	255	114264	1388545
color	42	993	1404	259766	7a148e4f13a74cb969d3a9c5131aabf0f371a04e06906a7762fa9fed463561a1	58	255	106135	1195210
color	43	993	1404	256208	aae8a8976dc5942d02a11a558e2ac85835b2cb2a28037eab19bc0b80c86c0f68	57	255	124175	1196198
color	44	993	1404	278000	90cbcc2a8e6151d45f7a16ec5d5b55ca097e806a0a88f2e39d6a4f460a6112d1	57	255	97132	1388772
color	45	993	1404	430439	8f6b9db0e4e0ad432793c341135c55304ee18b6a438c85c85857f68d11677b42	58	255	149955	1387190
color	46	993	1404	376468	d6072e7fc240ce4fad07094875a7a34e27e5a33d1d96910f344dc3eedb8de134	57	255	133913	1387575
color	47	993	1404	276364	271991363d47982ccba93e85ae163309620d7e603f868ca40d9230247e7d5727	57	255	97571	1388957
color	48	993	1404	349485	ad8712f27646a40bd079b10d991a45ba21aa1f29ed2de054328bf127557a2b06	57	255	126648	1387943
color	49	993	1404	229904	b3ecd88446be2e90e147b9b6a5b4f4ab88da501a8db35f14fdba606e0b91594f	58	255	81362	1389540
color	50	993	1404	252614	aaebf5f661cdf8681544c757a360b37f5a635b0e9131c406cdc0e64e6ac59cc3	58	255	114710	1264565
color	51	993	1404	113538	fc6492bbebee67d6879cb166b3d1319736cae6f7ceb2f04ae4a7adfac849cfe3	58	255	41792	1390887
gray	1	993	1404	219817	853d8062f68748bf4a5d1ecac290f11220b2f995b1c79187dd626bc6da78a0ef	57	255	110186	0
gray	2	993	1404	248251	5fac3f5f55f54edb11f17d6aee2268b7a36ead0ebf655e03e9c25d1cbfbfb7ea	57	255	81450	0
gray	3	993	1404	225551	176cbecaad733323207d625bd5ffe04e1dd2ac3a7b290a19ad20983365616e98	57	255	125419	0
gray	4	993	1404	278717	1be2a07a9ba1352d0a5ffc18f384c0a22b7313ecdddf0d3a605f891153a753f4	57	255	125267	0
gray	5	993	1404	286498	5f51ef5b9ad43e66901d229983f4dcc45af3dfbe1f217a7b5553c7607ded5c9b	59	255	108845	0
gray	6	993	1404	266139	eaf066aa70f4d369fb982fbdb410e38c5127b2a0d867afc8daa5e8316db99354	59	255	102021	0
gray	7	993	1404	237578	6dacf924778f5e112fd07d7c8f50f4e97e29f7b762d28f469fdcc775b84a03d0	57	255	102479	0
gray	8	993	1404	272132	292670421afd2f398a21a3f3ea19f1fa287b9feccbd238b1cbe0bc36ce40579f	59	255	126649	0
gray	9	993	1404	221936	9f1a925952dd264180f64c29acb3f47865dbb8c7962aee37d563bbae5827adbf	57	255	101821	0
gray	10	993	1404	259101	7f136ac702c930f89c74c9e0d172c10f6271455b7d234df914ed978a7a6332b7	57	255	125259	0
gray	11	993	1404	334648	528118265fa590490c223d2a3ea971c407d1452f0cd8934423b8d35c410619fb	57	255	125949	0
gray	12	993	1404	428182	b830e322dd478488f9dd9acd575329a2180a0b67b2e5ccc3da32cc471d6db80f	59	255	157466	0
gray	13	993	1404	353130	0b3bdb33ad9be85e7230ae790f7ec85c7bff529122aa4ae72ab3fcbe1cc5cd6e	59	255	130556	0
gray	14	993	1404	287627	0e02df1a028b8867eb8979b957a6173528c2c857208d755af7d889de125e34a9	57	255	127401	0
gray	15	993	1404	201943	8e3d0b7b687bfc4691d946d75d2e56498e44d35a13f083892e70de8cc9997c77	57	255	73580	0
gray	16	993	1404	315943	eaeec6cfadf11a7507032a3ab818ff2c5d542b8182ed4fb5ce061e71d792f710	57	255	114455	0
gray	17	993	1404	352879	cbe860dc564d2bdd28e8bd1437eb6f8f5b66939c9bcf7ec6c4ed93a3e87df33f	57	255	131434	0
gray	18	993	1404	317893	19b1d486beb06e017c0752aa8b3dcb9af41b3a9411d77b6cef62a898ca2cf3ae	59	255	117407	0
gray	19	993	1404	286046	4041a175014db298e1b3fa93dc5d9d0d5ff0d58c73e9edcebf0d3327c2167df9	57	255	106178	0
gray	20	993	1404	368197	487ed78270421975f12ca43483169687245f0457b3657b494915fe18acaace29	59	255	156751	0
gray	21	993	1404	316506	70bcd22d459597b8e01b20761af1791ca2115310e50430ebb27b8890f622cf1c	59	255	128733	0
gray	22	993	1404	288103	5c457c5e0e014da5aba622f1aadce50af138c9269794e9144af99d8a8e2057c3	57	255	125612	0
gray	23	993	1404	278083	c3671a16a047e36d8a358b51579912ecff624221c9e2ce5d6324a0f80aff3b71	57	255	119966	0
gray	24	993	1404	291045	5a9795c9176c6f608cddde1d0fd88d87f21e7224089ab3f4cab72798e3cf8757	57	255	110697	0
gray	25	993	1404	316858	5555347ff72cb50ae2195c7aa736c1f36265a0ec45903da281dfaab8d2ae06fb	57	255	132208	0
gray	26	993	1404	292344	21a5913c375f49b14e436366123bb9617487a414a5b9b71f257411aab731208e	57	255	107961	0
gray	27	993	1404	338869	5664578abc8623792e18a0d53be283ee59a95ec26309b142d57e527e796742f4	57	255	122049	0
gray	28	993	1404	289393	e481537797493f02847449175be5a50f549185ca659aff9ab009af5b08d3f969	57	255	109573	0
gray	29	993	1404	315314	9b30d5f30447ceb4e3daaa139d834a636ac8406e5a5fd705e913c51884c5111a	57	255	119443	0
gray	30	993	1404	180200	6177e257fa8b78f3b07aa1b1729372537a9afc30daa7c6f09ebf042ee7e7f74d	57	255	65182	0
gray	31	993	1404	216910	c59fae39c263f7a31fcc93b9bc5b8d6da0fdd702159b491d859fae1ce49c73f0	57	255	114617	0
gray	32	993	1404	277549	7cc7d8a3b29451e227f03ccaa60a12ad56d888e710787be4f4042cbc3301018c	59	255	109234	0
gray	33	993	1404	239813	2d30e8e94531dcdf25608043bc417e4179bbe62c37fc6f0bb944594e8f692ef4	57	255	88865	0
gray	34	993	1404	217219	88071a9571dcebf8a1188526fc84c510244917f22d0b4431d9e603608a19c9c6	57	255	97449	0
gray	35	993	1404	262338	75046f6c4bd57a0632aa47f30145e5dd959a7e68827807115d9f96b12528ff64	57	255	118102	0
gray	36	993	1404	258949	48141019fab4e5210b159b0d4a0ac74225120679465b558e334202c84bd30c52	57	255	126415	0
gray	37	993	1404	344389	8f1e776caab4c46bd72f8adfd73f27bbb1c1d827b382b2c8df6eb62a8d090b01	59	255	140378	0
gray	38	993	1404	396632	23b478bac8379489589a814bab9b6e25825c650b240938936df0cbe0cf4acaa2	59	255	149440	0
gray	39	993	1404	334376	cbbb93c3a1a304a742d73426096b3b7b8ecb89b09202445e3fe3edfe811dffe6	59	255	124195	0
gray	40	993	1404	362763	19789d1fc6535ba8e76c74f4dd7e6c31e03a0e179aad6b82101b8e1cac33582e	59	255	136550	0
gray	41	993	1404	293558	67878c9e5abc716ec1d41d8975b88a61641784eb487da648abb08a1a26274317	57	255	112955	0
gray	42	993	1404	244436	8bbbd3903cb4d952100a8df8dbe539370d1aabab21a9b4169d9a3e20927e0d4e	59	255	105160	0
gray	43	993	1404	241264	f45ba0abb8efcebbd51722d66c4d8c4df430abfd48ef99775e9ec3a1d1527fea	57	255	123355	0
gray	44	993	1404	260794	f68c5b1fd3e7391548b964324344b4d8e2c2a3402a485a612389bab572deca9e	57	255	96231	0
gray	45	993	1404	401666	39928ffbc8588ba2a455ade6e15638198610b06cd9d579feca19bac925b76692	59	255	148233	0
gray	46	993	1404	350768	a5ff76044d3c6b44686904519637c120b03604c37c77904b0bf1c43494c07d5b	57	255	132490	0
gray	47	993	1404	258740	40ea5112899b5767ba8e7d2feb319fc8195eced2613ee07bb344cd8a3bf123f0	57	255	96515	0
gray	48	993	1404	325079	c40b2fa20832c30c8ddf96466ee119212d13d90ec1e8de2e97967c034e3c9bd5	57	255	125227	0
gray	49	993	1404	215130	8a2b5e0e078035f70f5931465dbb0bf48f0edc255ba6ade0a63b9dc9274a1558	59	255	80467	0
gray	50	993	1404	237807	55be7d634b990f6cb27241b18ed4c7e9e44775fc31124d2f7c0f43675e3a92d5	59	255	113885	0
gray	51	993	1404	106547	a2c99031f1f2bbef9603c45bfbe308b4590b31985a3513fa6d2411bc0f18d6df	59	255	41254	0
